time,syst-avail,syst-crt,syst-swap,syst-si,syst-so,syst-p,syst-t,syst-pr,syst-pb,syst-cpu-us,syst-cpu-sy,syst-cpu-id,syst-cpu-wa,syst-cpu-st,syst-cpu-gu,proc-virt,proc-rss-all,proc-rss-anon,proc-rss-file,proc-rss-shm,proc-swdo,proc-hp,proc-cpu-us,proc-cpu-sy,proc-io-of,proc-io-rd,proc-io-wr,proc-thr,jvm-heap-comm,jvm-heap-used,jvm-meta-comm,jvm-meta-used,jvm-meta-csc,jvm-meta-csu,jvm-meta-gctr,jvm-code,jvm-mlc,jvm-jthr-num,jvm-jthr-nd,jvm-jthr-cr,jvm-jthr-st,jvm-cldg-num,jvm-cldg-anon,jvm-cls-num,jvm-cls-ld,jvm-cls-uld,
2022-03-07 06:53:12,"58970952","37","0","","","519","1363","2","0","","","","","","","4075504","171676","147776","23900","0","0","96","","","2","","","36","131072","1918","128","49","64","2","21504","7488","42042","9","1","","33828","3","0","444","","",
2022-03-07 06:53:13,"58815684","37","0","0","0","519","1397","23","0","48","3","48","0","0","0","6472060","329504","300832","28672","0","0","96","49","3","22","28786","25261","72","131072","74399","14144","13802","2048","1901","21504","9344","138139","46","26","38","72888","149","144","2970","2526","0",
2022-03-07 06:53:14,"58658332","37","0","0","0","520","1393","21","0","73","10","11","0","0","0","6472060","489484","460812","28672","0","0","96","75","10","22","150","0","67","131072","73347","14144","13802","2048","1901","21504","9536","287798","41","26","0","67748","149","144","2970","0","0",
2022-03-07 06:53:15,"58631620","37","0","0","0","520","1388","21","0","73","10","11","0","0","0","6472060","511100","482428","28672","0","0","96","76","11","22","138","0","62","131072","62192","14144","13802","2048","1901","21504","9536","283217","36","26","0","62608","149","144","2970","0","0",
2022-03-07 06:53:16,"58564676","37","0","0","0","520","1387","23","0","73","10","11","0","0","0","6472060","579384","550712","28672","0","0","96","75","10","22","137","0","61","131072","38544","14144","13802","2048","1901","21504","9600","180138","35","25","0","61580","149","144","2970","0","0",
2022-03-07 06:53:17,"58562368","37","0","0","0","520","1385","18","0","71","9","16","0","0","0","6472060","582420","553748","28672","0","0","96","72","8","22","134","0","56","131072","34751","14144","13804","2048","1901","21504","9600","230779","30","20","0","56440","149","144","2970","0","0",
2022-03-07 06:53:18,"58550200","37","0","0","0","520","1392","22","0","48","5","45","0","0","0","6472060","594436","565764","28672","0","0","96","49","5","22","183","0","63","131072","78005","14208","13745","2048","1866","23680","9664","143620","37","26","27","63636","57","52","2894","17","93",
2022-03-07 06:53:19,"58547728","37","0","0","0","520","1391","24","0","71","12","11","0","0","0","6472060","597756","569084","28672","0","0","96","73","13","22","131","0","62","131072","59353","14208","13745","2048","1866","23680","9664","180149","36","26","0","62608","57","52","2894","0","0",
2022-03-07 06:53:21,"58520784","37","0","0","0","520","1391","26","0","34","6","6","0","0","0","6472060","624900","596228","28672","0","0","96","36","6","22","129","0","62","131072","63760","14208","13745","2048","1866","23680","9664","263543","36","26","0","62608","57","52","2894","0","0",
2022-03-07 06:53:22,"58520784","37","0","0","0","520","1391","22","0","68","14","11","0","0","0","6472060","624900","596228","28672","0","0","96","70","14","22","129","0","62","131072","49537","14208","13745","2048","1866","23680","9664","210407","36","26","0","62608","57","52","2894","0","0",
2022-03-07 06:53:23,"58519264","37","0","0","0","520","1376","15","0","67","12","14","0","0","0","6472060","626784","598112","28672","0","0","96","70","12","22","129","0","51","131072","25977","14208","13745","2048","1866","23680","9664","158086","25","15","0","51300","57","52","2894","0","0",
2022-03-07 06:53:24,"58518776","37","0","0","0","520","1389","22","0","56","10","30","0","0","0","6472060","627676","599004","28672","0","0","96","57","10","22","133","0","62","131072","23388","14208","13745","2048","1866","23680","9728","204357","36","26","26","62608","57","52","2894","0","0",
2022-03-07 06:53:25,"58518516","37","0","0","0","520","1389","25","0","71","13","10","0","0","0","6472060","627676","599004","28672","0","0","96","73","13","22","127","0","62","131072","13732","14208","13745","2048","1866","23680","9728","214580","36","26","0","62608","57","52","2894","0","0",
2022-03-07 06:53:26,"58512008","37","0","0","0","520","1389","21","0","72","11","11","0","0","0","6472060","633720","605048","28672","0","0","96","74","11","22","131","0","62","131072","16610","14208","13745","2048","1866","23680","9728","165237","36","26","0","62608","57","52","2894","0","0",
2022-03-07 06:53:27,"58511724","37","0","0","0","520","1388","22","0","72","12","11","0","0","0","6472060","633820","605148","28672","0","0","96","73","12","22","127","0","61","131072","17980","14208","13745","2048","1866","23680","9728","230989","35","25","0","61580","57","52","2894","0","0",
2022-03-07 06:53:28,"58509972","37","0","0","0","520","1388","24","0","52","8","35","0","0","0","6472060","634844","606172","28672","0","0","96","54","8","22","131","0","62","131072","67175","14208","13746","2048","1866","23680","9728","144498","36","26","26","62608","57","52","2894","0","0",
2022-03-07 06:53:29,"58509900","37","0","0","0","520","1388","21","0","70","13","11","0","0","0","6472060","634844","606172","28672","0","0","96","72","13","22","127","0","62","131072","43166","14208","13746","2048","1866","23680","9728","133537","36","26","0","62608","57","52","2894","0","0",
2022-03-07 06:53:30,"58508656","37","0","0","0","520","1388","20","0","71","13","10","0","0","0","6472060","636940","608268","28672","0","0","96","73","13","22","128","0","62","131072","7804","14208","13746","2048","1866","23680","9728","320801","36","26","0","62608","57","52","2894","0","0",
2022-03-07 06:53:31,"58503624","37","0","0","0","520","1388","23","0","69","11","12","0","0","0","6472060","641668","612996","28672","0","0","96","72","12","22","127","0","62","131072","53905","14208","13746","2048","1866","23680","9728","146230","36","26","0","62608","57","52","2894","0","0",
2022-03-07 06:53:32,"58503372","37","0","0","0","520","1388","25","0","56","10","30","0","0","0","6472060","642268","613596","28672","0","0","96","57","10","22","128","0","62","131072","57781","14272","13750","2048","1866","23680","9728","76376","36","26","26","62608","57","52","2894","0","0",
2022-03-07 06:53:33,"58502860","37","0","0","0","520","1389","22","0","70","11","9","0","0","0","6472060","642268","613596","28672","0","0","96","75","12","22","128","0","62","131072","58209","14272","13750","2048","1866","23680","9728","252058","36","26","0","62608","57","52","2894","0","0",
2022-03-07 06:53:34,"58502908","37","0","0","0","520","1389","22","0","73","11","10","0","0","0","6472060","642268","613596","28672","0","0","96","75","11","22","127","0","62","131072","69833","14272","13750","2048","1866","23680","9728","236970","36","26","0","62608","57","52","2894","0","0",
2022-03-07 06:53:35,"58500544","37","0","0","0","520","1389","19","0","70","11","13","0","0","0","6472060","644104","615432","28672","0","0","96","72","12","22","127","0","62","131072","77934","14272","13750","2048","1866","23680","9728","160440","36","26","0","62608","57","52","2894","0","0",
2022-03-07 06:53:36,"58498536","37","0","0","0","520","1376","11","0","66","10","19","0","0","0","6472060","644072","615400","28672","0","0","96","67","10","22","127","0","50","131072","10400","14272","13750","2048","1866","23680","9728","242677","24","14","0","50272","57","52","2894","0","0",
2022-03-07 06:53:37,"58489464","37","0","0","0","520","1390","19","0","56","9","30","0","0","0","6472060","653256","624584","28672","0","0","96","58","9","22","128","0","64","131072","31031","14272","13751","2048","1866","23680","9728","180023","38","26","28","64664","57","52","2894","0","0",
2022-03-07 06:53:38,"58485968","37","0","0","0","520","1389","23","0","73","11","10","0","0","0","6472060","657216","628544","28672","0","0","96","75","11","22","127","0","64","131072","42624","14272","13751","2048","1866","23680","9728","159696","38","26","0","64664","57","52","2894","0","0",
2022-03-07 06:53:39,"58480936","37","0","0","0","520","1389","22","0","71","12","11","0","0","0","6472060","664072","635400","28672","0","0","96","74","12","22","127","0","64","131072","11782","14272","13751","2048","1866","23680","9728","265874","38","26","0","64664","57","52","2894","0","0",
2022-03-07 06:53:40,"58480684","37","0","0","0","520","1389","23","0","71","12","10","0","0","0","6472060","664072","635400","28672","0","0","96","74","12","22","127","0","64","131072","56714","14272","13751","2048","1866","23680","9728","184270","38","26","0","64664","57","52","2894","0","0",
2022-03-07 06:53:41,"58477380","37","0","0","0","520","1387","25","0","51","8","37","0","0","0","6472060","667320","638648","28672","0","0","96","53","8","22","129","0","62","131072","73923","14272","13752","2048","1866","23680","9792","112686","36","26","26","62608","57","52","2894","0","0",
2022-03-07 06:53:42,"58470304","37","0","0","0","520","1387","24","0","73","11","10","0","0","0","6472060","673920","645248","28672","0","0","96","75","11","22","127","0","62","131072","72657","14272","13752","2048","1866","23680","9792","170112","36","26","0","62608","57","52","2894","0","0",
2022-03-07 06:53:43,"58468544","37","0","0","0","520","1378","23","0","71","10","10","0","0","0","6472060","676032","647360","28672","0","0","96","75","11","22","128","0","62","131072","72663","14272","13752","2048","1866","23680","9792","276293","36","26","0","62608","57","52","2894","0","0",
2022-03-07 06:53:44,"58466292","37","0","0","0","520","1378","24","0","71","11","12","0","0","0","6472060","677616","648944","28672","0","0","96","74","11","22","127","0","62","131072","20151","14272","13752","2048","1866","23680","9792","123130","36","26","0","62608","57","52","2894","0","0",
2022-03-07 06:53:45,"58466360","37","0","0","0","520","1361","9","0","63","8","25","0","0","0","6472060","677616","648944","28672","0","0","96","63","8","22","127","0","45","131072","50731","14272","13752","2048","1866","23680","9792","169865","19","9","0","45132","57","52","2894","0","0",
2022-03-07 06:53:46,"58465352","37","0","0","0","520","1378","21","0","63","10","21","0","0","0","6472060","678076","649404","28672","0","0","96","65","10","22","128","0","62","131072","56987","14272","13754","2048","1866","23680","9792","227566","36","26","26","62608","57","52","2894","0","0",
2022-03-07 06:53:47,"58465100","37","0","0","0","520","1378","24","0","72","11","10","0","0","0","6472060","678340","649668","28672","0","0","96","75","11","22","127","0","62","131072","45914","14272","13754","2048","1866","23680","9792","220404","36","26","0","62608","57","52","2894","0","0",
2022-03-07 06:53:48,"58464864","37","0","0","0","520","1378","23","0","71","11","12","0","0","0","6472060","678600","649928","28672","0","0","96","74","12","22","127","0","62","131072","7899","14272","13754","2048","1866","23680","9792","180382","36","26","0","62608","57","52","2894","0","0",
2022-03-07 06:53:49,"58464944","37","0","0","0","520","1377","20","0","72","11","10","0","0","0","6472060","678600","649928","28672","0","0","96","75","11","22","127","0","61","131072","24474","14272","13754","2048","1866","23680","9792","245632","35","25","0","61580","57","52","2894","0","0",
2022-03-07 06:53:50,"58464676","37","0","0","0","520","1378","23","0","56","8","31","0","0","0","6472060","679096","650424","28672","0","0","96","58","8","22","129","0","62","131072","42695","14272","13762","2048","1866","23680","9792","157973","36","26","26","62608","57","52","2894","0","0",
2022-03-07 06:53:51,"58464628","37","0","0","0","520","1378","23","0","73","11","10","0","0","0","6472060","679096","650424","28672","0","0","96","75","11","22","128","0","62","131072","40853","14272","13762","2048","1866","23680","9792","148984","36","26","0","62608","57","52","2894","0","0",
2022-03-07 06:53:52,"58464400","37","0","0","0","520","1378","21","0","74","11","10","0","0","0","6472060","679096","650424","28672","0","0","96","76","11","22","127","0","62","131072","12552","14272","13762","2048","1866","23680","9792","304038","36","26","0","62608","57","52","2894","0","0",
2022-03-07 06:53:53,"58463456","37","0","0","0","520","1378","24","0","70","11","12","0","0","0","6472060","680144","651472","28672","0","0","96","73","12","22","128","0","62","131072","81523","14272","13762","2048","1866","23680","9792","133893","36","26","0","62608","57","52","2894","0","0",
2022-03-07 06:53:54,"58463964","37","0","0","0","520","1370","18","0","65","10","19","0","0","0","6472060","680144","651472","28672","0","0","96","67","10","22","127","0","54","131072","54537","14272","13762","2048","1866","23680","9792","237111","28","18","0","54384","57","52","2894","0","0",
2022-03-07 06:53:55,"58462568","37","0","0","0","520","1379","23","0","60","8","26","0","0","0","6472060","680516","651844","28672","0","0","96","62","8","22","128","0","62","131072","7907","14272","13770","2048","1866","23680","9856","230790","36","26","26","62608","57","52","2894","0","0",
2022-03-07 06:53:56,"58460808","37","0","0","0","520","1379","17","0","72","11","11","0","0","0","6472060","680776","652104","28672","0","0","96","74","11","22","127","0","62","131072","76420","14272","13770","2048","1866","23680","9856","202152","36","26","0","62608","57","52","2894","0","0",
2022-03-07 06:53:57,"58459332","37","0","0","0","520","1379","22","0","71","10","11","0","0","0","6472060","681824","653152","28672","0","0","96","74","11","22","127","0","62","131072","8174","14272","13770","2048","1866","23680","9856","200123","36","26","0","62608","57","52","2894","0","0",
2022-03-07 06:53:58,"58459844","37","0","0","0","520","1379","22","0","72","11","10","0","0","0","6472060","681824","653152","28672","0","0","96","75","11","22","128","0","62","131072","23603","14272","13770","2048","1866","23680","9856","215072","36","26","0","62608","57","52","2894","0","0",
2022-03-07 06:53:59,"58767984","37","0","0","0","520","1379","21","0","57","8","31","0","0","0","6471936","379856","351184","28672","0","0","96","58","8","22","130","0","62","131072","82184","14272","13776","2048","1866","23680","9856","141645","36","26","26","62608","57","52","2894","0","0",
2022-03-07 06:54:00,"58681280","37","0","0","0","520","1379","24","0","70","11","11","0","0","0","6471936","462388","433716","28672","0","0","96","74","12","22","127","0","62","131072","11476","14272","13776","2048","1866","23680","9856","130766","36","26","0","62608","57","52","2894","0","0",
2022-03-07 06:54:01,"58592584","37","0","0","0","520","1379","23","0","72","12","9","0","0","0","6471936","554312","525640","28672","0","0","96","75","12","22","127","0","62","131072","17496","14272","13776","2048","1866","23680","9856","312312","36","26","0","62608","57","52","2894","0","0",
2022-03-07 06:54:02,"58582488","37","0","0","0","520","1379","24","0","69","12","11","0","0","0","6471936","562496","533824","28672","0","0","96","73","12","22","127","0","62","131072","47233","14272","13776","2048","1866","23680","9856","145274","36","26","0","62608","57","52","2894","0","0",
2022-03-07 06:54:03,"58581288","37","0","0","0","520","1379","21","0","52","7","38","0","0","0","6471936","565144","536472","28672","0","0","96","53","7","22","130","0","62","131072","82077","14272","13779","2048","1866","23680","9856","74432","36","26","26","62608","57","52","2894","0","0",
2022-03-07 06:54:04,"58572004","37","0","0","0","520","1379","26","0","71","12","10","0","0","0","6471936","574080","545408","28672","0","0","96","74","12","22","127","0","62","131072","55809","14272","13779","2048","1866","23680","9856","256198","36","26","0","62608","57","52","2894","0","0",
2022-03-07 06:54:05,"58571728","37","0","0","0","520","1379","22","0","70","12","10","0","0","0","6471936","574344","545672","28672","0","0","96","74","13","22","127","0","62","131072","16080","14272","13779","2048","1866","23680","9856","248012","36","26","0","62608","57","52","2894","0","0",
2022-03-07 06:54:06,"58566696","37","0","0","0","520","1379","24","0","68","12","14","0","0","0","6471936","578816","550144","28672","0","0","96","71","12","22","127","0","62","131072","44775","14272","13779","2048","1866","23680","9856","96700","36","26","0","62608","57","52","2894","0","0",
2022-03-07 06:54:07,"58566240","37","0","0","0","520","1364","11","0","66","10","18","0","0","0","6471936","580372","551700","28672","0","0","96","68","11","22","127","0","49","131072","28398","14272","13779","2048","1866","23680","9856","265651","23","13","0","49244","57","52","2894","0","0",
2022-03-07 06:54:08,"58562176","37","0","0","0","520","1379","22","0","51","7","36","0","0","0","6471936","583516","554844","28672","0","0","96","54","8","22","129","0","62","131072","33251","14272","13780","2048","1866","23680","9856","184825","36","26","26","62608","57","52","2894","0","0",
2022-03-07 06:54:09,"58561924","37","0","0","0","520","1380","22","0","71","12","11","0","0","0","6471936","583776","555104","28672","0","0","96","73","12","22","127","0","62","131072","23311","14272","13780","2048","1866","23680","9856","180112","36","26","0","62608","57","52","2894","0","0",
2022-03-07 06:54:10,"58559656","37","0","0","0","520","1380","22","0","70","12","12","0","0","0","6471936","586396","557724","28672","0","0","96","73","12","22","127","0","62","131072","35013","14272","13780","2048","1866","23680","9856","208290","36","26","0","62608","57","52","2894","0","0",
2022-03-07 06:54:11,"58558328","37","0","0","0","520","1379","23","0","71","12","10","0","0","0","6471936","586396","557724","28672","0","0","96","74","12","22","127","0","61","131072","57135","14272","13780","2048","1866","23680","9856","208820","35","25","0","61580","57","52","2894","0","0",
2022-03-07 06:54:12,"58557328","37","0","0","0","520","1362","6","0","52","7","37","0","0","0","6471936","587928","559256","28672","0","0","96","53","7","22","127","0","44","131072","22700","14272","13780","2048","1866","23680","9856","127544","18","8","0","44104","57","52","2894","0","0",
2022-03-07 06:54:13,"58553552","37","0","0","0","520","1380","24","0","65","10","19","0","0","0","6471936","592264","563592","28672","0","0","96","68","10","22","129","0","62","131072","32492","14272","13787","2048","1866","23680","9920","221526","36","26","26","62608","57","52","2894","0","0",
2022-03-07 06:54:14,"58553324","37","0","0","0","520","1380","21","0","71","12","10","0","0","0","6471936","592264","563592","28672","0","0","96","74","12","22","127","0","62","131072","9824","14272","13787","2048","1866","23680","9920","266693","36","26","0","62608","57","52","2894","0","0",
2022-03-07 06:54:15,"58553332","37","0","0","0","520","1380","22","0","69","11","13","0","0","0","6471936","592264","563592","28672","0","0","96","72","11","22","127","0","62","131072","23124","14272","13787","2048","1866","23680","9920","101052","36","26","0","62608","57","52","2894","0","0",
2022-03-07 06:54:16,"58552900","37","0","0","0","519","1368","15","0","68","12","14","0","0","0","6471936","592668","563996","28672","0","0","96","70","12","22","127","0","51","131072","57053","14272","13787","2048","1866","23680","9920","290054","25","15","0","51300","57","52","2894","0","0",
2022-03-07 06:54:17,"58552160","37","0","0","0","519","1379","20","0","59","10","25","0","0","0","6471936","593432","564760","28672","0","0","96","61","11","22","128","0","62","131072","12081","14272","13792","2048","1866","23680","9920","211611","36","26","26","62608","57","52","2894","0","0",
2022-03-07 06:54:18,"58514668","38","0","0","0","522","1413","25","0","69","12","13","0","0","0","6471936","593432","564760","28672","0","0","96","71","12","22","128","0","62","131072","24833","14272","13792","2048","1866","23680","9920","187583","36","26","0","62608","57","52","2894","0","0",
2022-03-07 06:54:19,"58514904","38","0","0","0","522","1413","5","0","70","11","12","0","0","0","6471936","593692","565020","28672","0","0","96","72","12","22","128","0","62","131072","47406","14272","13792","2048","1866","23680","9920","193789","36","26","0","62608","57","52","2894","0","0",
2022-03-07 06:54:20,"58514872","38","0","0","0","522","1411","23","0","68","13","11","0","0","0","6471936","593956","565284","28672","0","0","96","71","14","22","128","0","60","131072","9654","14272","13792","2048","1866","23680","9920","212908","34","24","0","60552","57","52","2894","0","0",
2022-03-07 06:54:21,"58508856","38","0","0","0","522","1416","24","0","56","8","33","0","0","0","6471936","602224","573552","28672","0","0","96","56","8","22","129","0","65","131072","15681","14272","13794","2048","1866","23680","9984","142220","39","26","29","65692","57","52","2894","0","0",
2022-03-07 06:54:22,"58501792","38","0","0","0","522","1416","25","0","70","12","11","0","0","0","6471936","608296","579624","28672","0","0","96","73","12","22","128","0","65","131072","29555","14272","13794","2048","1866","23680","9984","135594","39","26","0","65692","57","52","2894","0","0",
2022-03-07 06:54:23,"58499004","38","0","0","0","522","1417","19","0","72","11","12","0","0","0","6471936","611992","583320","28672","0","0","96","74","12","22","128","0","65","131072","7883","14272","13794","2048","1866","23680","9984","327350","39","26","0","65692","57","52","2894","0","0",
2022-03-07 06:54:24,"58498000","38","0","0","0","522","1417","23","0","67","12","12","0","0","0","6471936","611992","583320","28672","0","0","96","72","13","22","128","0","65","131072","11468","14272","13794","2048","1866","23680","9984","160162","39","26","0","65692","57","52","2894","0","0",
2022-03-07 06:54:25,"58497772","38","0","0","0","522","1417","22","0","42","6","48","0","0","0","6471936","612152","583480","28672","0","0","96","43","7","22","128","0","65","131072","29734","14272","13794","2048","1866","23680","9984","64664","39","26","26","65692","57","52","2894","0","0",
2022-03-07 06:54:26,"58499644","38","0","0","0","522","1423","22","0","72","11","11","0","0","0","6471936","612164","583492","28672","0","0","96","74","12","22","130","0","64","131072","20319","14272","13794","2048","1866","23680","9984","154686","38","26","0","64664","57","52","2894","0","0",
2022-03-07 06:54:27,"58499608","38","0","0","0","522","1423","23","0","71","12","10","0","0","0","6471936","612164","583492","28672","0","0","96","74","13","22","128","0","64","131072","60118","14272","13794","2048","1866","23680","9984","275930","38","26","0","64664","57","52","2894","0","0",
2022-03-07 06:54:28,"58498360","38","0","0","0","522","1423","22","0","69","12","13","0","0","0","6471936","612424","583752","28672","0","0","96","72","12","22","128","0","64","131072","33691","14272","13794","2048","1866","23680","9984","122132","38","26","0","64664","57","52","2894","0","0",
2022-03-07 06:54:29,"58498360","38","0","0","0","522","1415","18","0","68","12","14","0","0","0","6471936","612424","583752","28672","0","0","96","70","12","22","128","0","56","131072","79839","14272","13794","2048","1866","23680","9984","221124","30","18","0","56440","57","52","2894","0","0",
2022-03-07 06:54:30,"58498084","38","0","0","0","522","1423","3","0","55","8","33","0","0","0","6471936","612612","583940","28672","0","0","96","56","8","22","128","0","64","131072","83186","14272","13794","2048","1866","23680","9984","215745","38","26","26","64664","57","52","2894","0","0",
2022-03-07 06:54:31,"58650568","38","0","0","0","522","1422","22","0","70","12","11","0","0","0","6471936","467420","438748","28672","0","0","96","73","13","22","128","0","63","131072","78581","14272","13794","2048","1866","23680","9984","199427","37","26","0","63636","57","52","2894","0","0",
2022-03-07 06:54:32,"58545484","38","0","0","0","522","1422","24","0","70","11","12","0","0","0","6471936","569840","541168","28672","0","0","96","73","12","22","128","0","63","131072","9895","14272","13794","2048","1866","23680","9984","140296","37","26","0","63636","57","52","2894","0","0",
2022-03-07 06:54:33,"58641224","37","0","0","0","521","1409","17","0","70","11","12","0","0","0","6471936","488032","459360","28672","0","0","96","72","11","22","128","0","63","131072","70355","14272","13794","2048","1866","23680","9984","222878","37","26","0","63636","57","52","2894","0","0",
2022-03-07 06:54:34,"58714292","37","0","0","0","521","1409","22","0","49","8","38","0","0","0","6471936","415164","386492","28672","0","0","96","51","9","22","128","0","63","131072","68008","14272","13794","2048","1866","23680","9984","142247","37","26","26","63636","57","52","2894","0","0",
2022-03-07 06:54:35,"58609680","37","0","0","0","521","1409","21","0","70","12","11","0","0","0","6471936","516192","487520","28672","0","0","96","73","12","22","128","0","63","131072","64067","14272","13794","2048","1866","23680","9984","125276","37","26","0","63636","57","52","2894","0","0",
2022-03-07 06:54:36,"58556776","37","0","0","0","521","1408","27","0","73","12","10","0","0","0","6471936","572772","544100","28672","0","0","96","74","12","22","128","0","62","131072","59799","14272","13794","2048","1866","23680","9984","307852","36","26","0","62608","57","52","2894","0","0",
2022-03-07 06:54:37,"58548232","37","0","0","0","521","1408","5","0","68","11","14","0","0","0","6471936","578052","549380","28672","0","0","96","71","12","22","129","0","62","131072","7519","14272","13794","2048","1866","23680","9984","144854","36","26","0","62608","57","52","2894","0","0",
2022-03-07 06:54:38,"58548232","37","0","0","0","521","1390","6","0","58","9","28","0","0","0","6471936","580792","552120","28672","0","0","96","60","9","22","128","0","44","131072","54770","14272","13794","2048","1866","23680","9984","82976","18","8","0","44104","57","52","2894","0","0",
2022-03-07 06:54:39,"58546548","37","0","0","0","521","1408","24","0","57","10","27","0","0","0","6471936","582396","553724","28672","0","0","96","60","10","22","129","0","62","131072","80142","14272","13794","2048","1866","23680","9984","242583","36","26","26","62608","57","52","2894","0","0",
2022-03-07 06:54:40,"58546280","37","0","0","0","521","1408","20","0","71","11","11","0","0","0","6471936","582656","553984","28672","0","0","96","74","12","22","128","0","62","131072","58446","14272","13794","2048","1866","23680","9984","235989","36","26","0","62608","57","52","2894","0","0",
2022-03-07 06:54:41,"58541260","37","0","0","0","521","1408","25","0","70","11","13","0","0","0","6471936","587388","558716","28672","0","0","96","72","11","22","128","0","62","131072","56106","14272","13794","2048","1866","23680","9984","86764","36","26","0","62608","57","52","2894","0","0",
2022-03-07 06:54:42,"58540664","37","0","0","0","521","1405","21","0","70","12","10","0","0","0","6471936","587472","558800","28672","0","0","96","73","13","22","128","0","60","131072","79762","14272","13794","2048","1866","23680","9984","266244","34","24","0","60552","57","52","2894","0","0",
2022-03-07 06:54:43,"58531372","37","0","0","0","521","1410","22","0","53","8","35","0","0","0","6471936","598312","569640","28672","0","0","96","55","8","22","129","0","65","131072","13448","14336","13812","2048","1866","23680","9984","190733","39","26","29","65692","57","52","2894","0","0",
2022-03-07 06:54:44,"58522340","37","0","0","0","521","1410","25","0","70","12","11","0","0","0","6471936","605432","576760","28672","0","0","96","73","12","22","128","0","65","131072","59826","14336","13812","2048","1866","23680","9984","167757","39","26","0","65692","57","52","2894","0","0",
2022-03-07 06:54:45,"58512268","37","0","0","0","521","1410","23","0","71","12","11","0","0","0","6471936","616512","587840","28672","0","0","96","73","12","22","128","0","65","131072","72523","14336","13812","2048","1866","23680","9984","243866","39","26","0","65692","57","52","2894","0","0",
2022-03-07 06:54:46,"58510756","37","0","0","0","521","1411","20","0","69","12","13","0","0","0","6471936","616512","587840","28672","0","0","96","72","12","22","128","0","65","131072","15619","14336","13812","2048","1866","23680","9984","190101","39","26","0","65692","57","52","2894","0","0",
2022-03-07 06:54:47,"58527152","37","0","0","0","520","1366","3","0","45","7","45","0","0","0","6471936","618292","589620","28672","0","0","96","45","7","22","127","0","43","131072","8578","14336","13812","2048","1866","23680","9984","97153","17","4","0","43076","57","52","2894","0","0",
2022-03-07 06:54:48,"58525900","37","0","0","0","520","1388","23","0","68","10","16","0","0","0","6471936","619080","590408","28672","0","0","96","70","11","22","128","0","65","131072","56336","14336","13812","2048","1866","23680","10048","135080","39","26","26","65692","57","52","2894","0","0",
2022-03-07 06:54:49,"58525916","37","0","0","0","520","1388","22","0","71","11","10","0","0","0","6471936","619080","590408","28672","0","0","96","74","12","22","127","0","65","131072","17225","14336","13812","2048","1866","23680","10048","281860","39","26","0","65692","57","52","2894","0","0",
2022-03-07 06:54:50,"58525160","37","0","0","0","520","1387","24","0","71","11","12","0","0","0","6471936","619604","590932","28672","0","0","96","73","11","22","127","0","65","131072","83240","14336","13812","2048","1866","23680","10048","131685","39","26","0","65692","57","52","2894","0","0",
2022-03-07 06:54:51,"58525184","37","0","0","0","520","1384","23","0","70","11","12","0","0","0","6471936","620020","591348","28672","0","0","96","73","12","22","127","0","62","131072","42127","14336","13812","2048","1866","23680","10048","222142","36","23","0","62608","57","52","2894","0","0",
2022-03-07 06:54:52,"58524904","37","0","0","0","520","1387","22","0","56","8","31","0","0","0","6471936","620672","592000","28672","0","0","96","58","8","22","127","0","65","131072","49461","14336","13812","2048","1866","23680","10048","228058","39","26","26","65692","57","52","2894","0","0",
2022-03-07 06:54:53,"58524352","37","0","0","0","520","1386","24","0","72","11","10","0","0","0","6471936","621196","592524","28672","0","0","96","74","12","22","127","0","64","131072","49161","14336","13812","2048","1866","23680","10048","199044","38","26","0","64664","57","52","2894","0","0",
2022-03-07 06:54:54,"58523108","37","0","0","0","520","1383","21","0","71","11","12","0","0","0","6471936","623068","594396","28672","0","0","96","73","11","22","128","0","62","131072","7868","14336","13812","2048","1866","23680","10048","194585","36","26","0","62608","57","52","2894","0","0",
2022-03-07 06:54:55,"58522180","37","0","0","0","520","1382","23","0","71","12","10","0","0","0","6471936","623196","594524","28672","0","0","96","74","12","22","127","0","61","131072","39492","14336","13812","2048","1866","23680","10048","217868","35","25","0","61580","57","52","2894","0","0",
2022-03-07 06:54:56,"58521940","37","0","0","0","520","1383","24","0","50","7","40","0","0","0","6471936","623848","595176","28672","0","0","96","50","7","22","127","0","62","131072","76857","14336","13812","2048","1866","23680","10048","127621","36","26","26","62608","57","52","2894","0","0",
2022-03-07 06:54:57,"58519064","37","0","0","0","520","1383","23","0","73","10","10","0","0","0","6471936","624108","595436","28672","0","0","96","75","11","22","127","0","62","131072","36683","14336","13812","2048","1866","23680","10048","126353","36","26","0","62608","57","52","2894","0","0",
2022-03-07 06:54:58,"58517400","37","0","0","0","520","1383","23","0","70","12","10","0","0","0","6471936","624108","595436","28672","0","0","96","74","13","22","127","0","62","131072","56031","14336","13812","2048","1866","23680","10048","304304","36","26","0","62608","57","52","2894","0","0",
2022-03-07 06:54:59,"58517400","37","0","0","0","520","1383","23","0","71","11","13","0","0","0","6471936","624108","595436","28672","0","0","96","72","11","22","127","0","62","131072","70472","14336","13812","2048","1866","23680","10048","146933","36","26","0","62608","57","52","2894","0","0",
2022-03-07 06:55:00,"58517252","37","0","0","0","520","1358","1","0","52","7","37","0","0","0","6471936","624300","595628","28672","0","0","96","53","7","22","127","0","38","131072","58621","14336","13812","2048","1866","23680","10048","71022","12","2","0","37936","57","52","2894","0","0",
2022-03-07 06:55:01,"58516684","37","0","0","0","520","1383","24","0","69","12","12","0","0","0","6471936","625876","597204","28672","0","0","96","72","12","22","129","0","62","131072","23189","14336","13812","2048","1866","23680","10048","259889","36","26","26","62608","57","52","2894","0","0",
2022-03-07 06:55:02,"58516376","37","0","0","0","520","1383","24","0","70","12","10","0","0","0","6471936","625876","597204","28672","0","0","96","74","12","22","127","0","62","131072","30126","14336","13812","2048","1866","23680","10048","244012","36","26","0","62608","57","52","2894","0","0",
2022-03-07 06:55:03,"58515368","37","0","0","0","520","1383","25","0","69","12","13","0","0","0","6471936","627196","598524","28672","0","0","96","71","12","22","128","0","62","131072","50694","14336","13812","2048","1866","23680","10048","94494","36","26","0","62608","57","52","2894","0","0",
2022-03-07 06:55:04,"58514996","37","0","0","0","520","1374","17","0","65","11","16","0","0","0","6471936","627228","598556","28672","0","0","96","68","12","22","127","0","53","131072","62890","14336","13812","2048","1866","23680","10048","264759","27","17","0","53356","57","52","2894","0","0",
2022-03-07 06:55:05,"58719092","37","0","0","0","520","1383","24","0","44","7","46","0","0","0","6471936","429692","401020","28672","0","0","96","45","7","22","128","0","62","131072","12216","14336","13813","2048","1866","23680","10048","163408","36","26","26","62608","57","52","2894","0","0",
2022-03-07 06:55:06,"58673692","37","0","0","0","520","1383","23","0","70","12","12","0","0","0","6471936","472900","444228","28672","0","0","96","72","12","22","127","0","62","131072","16916","14336","13813","2048","1866","23680","10048","176479","36","26","0","62608","57","52","2894","0","0",
2022-03-07 06:55:07,"58575956","37","0","0","0","520","1383","26","0","70","12","12","0","0","0","6471936","569592","540920","28672","0","0","96","73","12","22","127","0","62","131072","11209","14336","13813","2048","1866","23680","10048","184202","36","26","0","62608","57","52","2894","0","0",
2022-03-07 06:55:08,"58573192","37","0","0","0","520","1383","24","0","71","12","10","0","0","0","6471936","573288","544616","28672","0","0","96","73","12","22","127","0","62","131072","76994","14336","13813","2048","1866","23680","10048","297704","36","26","0","62608","57","52","2894","0","0",
2022-03-07 06:55:09,"58555300","37","0","0","0","520","1361","3","0","49","6","40","0","0","0","6471936","594888","566216","28672","0","0","96","51","7","22","127","0","40","131072","32162","14336","13813","2048","1866","23680","10048","78657","14","4","0","39992","57","52","2894","0","0",
2022-03-07 06:55:10,"58554032","37","0","0","0","520","1383","20","0","64","11","18","0","0","0","6471936","595388","566716","28672","0","0","96","68","11","22","127","0","62","131072","69918","14336","13813","2048","1866","23680","10048","118462","36","26","26","62608","57","52","2894","0","0",
2022-03-07 06:55:11,"58554016","37","0","0","0","520","1383","22","0","69","13","10","0","0","0","6471936","595388","566716","28672","0","0","96","72","13","22","127","0","62","131072","73572","14336","13813","2048","1866","23680","10048","277976","36","26","0","62608","57","52","2894","0","0",
2022-03-07 06:55:12,"58550992","37","0","0","0","520","1383","15","0","71","11","12","0","0","0","6471936","597492","568820","28672","0","0","96","73","11","22","127","0","62","131072","22418","14336","13813","2048","1866","23680","10048","221415","36","26","0","62608","57","52","2894","0","0",
2022-03-07 06:55:13,"58545496","37","0","0","0","520","1375","17","0","70","11","14","0","0","0","6471936","602524","573852","28672","0","0","96","72","11","22","127","0","54","131072","73719","14336","13813","2048","1866","23680","10048","162316","28","18","0","54384","57","52","2894","0","0",
2022-03-07 06:55:14,"58544472","37","0","0","0","520","1383","21","0","53","7","36","0","0","0","6471936","604104","575432","28672","0","0","96","54","7","22","128","0","62","131072","65704","14336","13804","2048","1863","23680","10048","187398","36","26","26","62608","49","44","2886","0","8",
2022-03-07 06:55:15,"58544512","37","0","0","0","520","1383","22","0","69","13","11","0","0","0","6471936","604104","575432","28672","0","0","96","72","14","22","127","0","62","131072","48837","14336","13804","2048","1863","23680","10048","202810","36","26","0","62608","49","44","2886","0","0",
2022-03-07 06:55:16,"58542156","37","0","0","0","520","1383","15","0","71","11","13","0","0","0","6471936","604892","576220","28672","0","0","96","74","11","22","127","0","62","131072","7056","14336","13804","2048","1863","23680","10048","161786","36","26","0","62608","49","44","2886","0","0",
2022-03-07 06:55:17,"58541896","37","0","0","0","520","1382","21","0","69","12","11","0","0","0","6471936","604892","576220","28672","0","0","96","72","13","22","127","0","62","131072","72864","14336","13804","2048","1863","23680","10048","236198","36","26","0","62608","49","44","2886","0","0",
2022-03-07 06:55:18,"58541648","37","0","0","0","520","1383","24","0","46","6","44","0","0","0","6471936","605376","576704","28672","0","0","96","48","6","22","128","0","62","131072","70364","14336","13804","2048","1863","23680","10048","138531","36","26","26","62608","49","44","2886","0","0",
2022-03-07 06:55:20,"58538420","37","0","0","0","520","1383","21","0","35","6","5","0","0","0","6471936","608272","579600","28672","0","0","96","36","7","22","127","0","62","131072","73508","14336","13804","2048","1863","23680","10048","127457","36","26","0","62608","49","44","2886","0","0",
2022-03-07 06:55:21,"58538436","37","0","0","0","520","1381","25","0","71","13","11","0","0","0","6471936","608272","579600","28672","0","0","96","73","13","22","127","0","62","131072","70260","14336","13804","2048","1863","23680","10048","302822","36","26","0","62608","49","44","2886","0","0",
2022-03-07 06:55:22,"58537932","37","0","0","0","520","1381","21","0","68","12","14","0","0","0","6471936","608532","579860","28672","0","0","96","70","13","22","127","0","62","131072","43923","14336","13804","2048","1863","23680","10048","136062","36","26","0","62608","49","44","2886","0","0",
2022-03-07 06:55:23,"58537868","37","0","0","0","520","1365","9","0","66","10","19","0","0","0","6471936","608944","580272","28672","0","0","96","67","10","22","127","0","47","131072","12269","14336","13804","2048","1863","23680","10048","167215","21","11","0","47188","49","44","2886","0","0",
2022-03-07 06:55:24,"58536868","37","0","0","0","520","1380","18","0","58","9","27","0","0","0","6471936","609168","580496","28672","0","0","96","61","10","22","128","0","62","131072","65693","14336","13804","2048","1863","23680","10048","231668","36","26","26","62608","49","44","2886","0","0",
2022-03-07 06:55:25,"58536868","37","0","0","0","520","1380","22","0","72","12","11","0","0","0","6471936","609168","580496","28672","0","0","96","73","12","22","127","0","62","131072","58670","14336","13804","2048","1863","23680","10048","217604","36","26","0","62608","49","44","2886","0","0",
2022-03-07 06:55:26,"58536636","37","0","0","0","520","1383","26","0","68","12","13","0","0","0","6471936","609168","580496","28672","0","0","96","70","13","22","127","0","62","131072","39906","14336","13804","2048","1863","23680","10048","158613","36","26","0","62608","49","44","2886","0","0",
2022-03-07 06:55:27,"58536444","37","0","0","0","520","1379","18","0","69","11","13","0","0","0","6471936","609168","580496","28672","0","0","96","72","12","22","127","0","58","131072","44855","14336","13804","2048","1863","23680","10048","233129","32","22","0","58496","49","44","2886","0","0",
2022-03-07 06:55:28,"58531328","37","0","0","0","520","1391","22","0","48","7","41","0","0","0","6471936","609168","580496","28672","0","0","96","49","7","22","128","0","62","131072","48792","14336","13804","2048","1863","23680","10048","145425","36","26","26","62608","49","44","2886","0","0",
2022-03-07 06:55:29,"58530508","37","0","0","0","520","1390","20","0","70","12","11","0","0","0","6471936","609168","580496","28672","0","0","96","73","12","22","127","0","62","131072","58859","14336","13804","2048","1863","23680","10048","144742","36","26","0","62608","49","44","2886","0","0",
2022-03-07 06:55:30,"58530468","37","0","0","0","520","1390","21","0","69","13","12","0","0","0","6471936","609168","580496","28672","0","0","96","72","13","22","127","0","62","131072","40517","14336","13804","2048","1863","23680","10048","290475","36","26","0","62608","49","44","2886","0","0",
2022-03-07 06:55:31,"58530468","37","0","0","0","520","1390","22","0","70","13","10","0","0","0","6471936","609168","580496","28672","0","0","96","73","13","22","127","0","62","131072","34574","14336","13804","2048","1863","23680","10048","174235","36","26","0","62608","49","44","2886","0","0",
2022-03-07 06:55:32,"58533004","37","0","0","0","520","1368","3","0","52","7","36","0","0","0","6471936","609356","580684","28672","0","0","96","54","7","22","127","0","40","131072","24028","14336","13804","2048","1863","23680","10048","91166","14","4","0","39992","49","44","2886","0","0",
2022-03-07 06:55:33,"58532744","37","0","0","0","520","1390","23","0","62","12","20","0","0","0","6471936","609356","580684","28672","0","0","96","65","12","22","128","0","62","131072","22701","14336","13804","2048","1863","23680","10048","208475","36","26","26","62608","49","44","2886","0","0",
2022-03-07 06:55:34,"58532744","37","0","0","0","520","1390","21","0","70","13","10","0","0","0","6471936","609356","580684","28672","0","0","96","73","13","22","127","0","62","131072","52399","14336","13804","2048","1863","23680","10048","258211","36","26","0","62608","49","44","2886","0","0",
2022-03-07 06:55:35,"58532768","37","0","0","0","520","1390","20","0","70","12","12","0","0","0","6471936","609356","580684","28672","0","0","96","72","12","22","127","0","62","131072","29211","14336","13804","2048","1863","23680","10048","107947","36","26","0","62608","49","44","2886","0","0",
2022-03-07 06:55:36,"58532592","37","0","0","0","520","1381","14","0","66","12","16","0","0","0","6471936","609884","581212","28672","0","0","96","68","12","22","127","0","53","131072","72167","14336","13804","2048","1863","23680","10048","261273","27","17","0","53356","49","44","2886","0","0",
2022-03-07 06:55:37,"58532136","37","0","0","0","520","1390","22","0","43","7","45","0","0","0","6471936","609884","581212","28672","0","0","96","45","8","22","127","0","62","131072","67666","14336","13804","2048","1863","23680","10048","183388","36","26","26","62608","49","44","2886","0","0",
2022-03-07 06:55:38,"58646488","37","0","0","0","520","1390","21","0","70","12","11","0","0","0","6471936","497120","468448","28672","0","0","96","73","12","22","127","0","62","131072","34543","14336","13804","2048","1863","23680","10048","200392","36","26","0","62608","49","44","2886","0","0",
2022-03-07 06:55:39,"58568620","37","0","0","0","520","1390","24","0","69","12","12","0","0","0","6471936","576352","547680","28672","0","0","96","72","12","22","127","0","62","131072","23538","14336","13804","2048","1863","23680","10048","155412","36","26","0","62608","49","44","2886","0","0",
2022-03-07 06:55:40,"58652788","37","0","0","0","520","1388","23","0","68","12","11","0","0","0","6471936","494204","465532","28672","0","0","96","72","13","22","127","0","61","131072","51201","14336","13804","2048","1863","23680","10048","227017","35","25","0","61580","49","44","2886","0","0",
2022-03-07 06:55:41,"58596032","37","0","0","0","520","1367","4","0","48","6","42","0","0","0","6471936","552124","523452","28672","0","0","96","49","6","22","127","0","40","131072","11756","14336","13804","2048","1863","23680","10048","135644","14","4","0","39992","49","44","2886","0","0",
2022-03-07 06:55:42,"58576620","37","0","0","0","520","1389","20","0","64","11","19","0","0","0","6471936","569184","540512","28672","0","0","96","67","11","22","127","0","62","131072","6870","14336","13804","2048","1863","23680","10048","150765","36","26","26","62608","49","44","2886","0","0",
2022-03-07 06:55:43,"58561248","37","0","0","0","520","1389","21","0","72","12","10","0","0","0","6471936","583940","555268","28672","0","0","96","74","12","22","127","0","62","131072","48335","14336","13804","2048","1863","23680","10048","295698","36","26","0","62608","49","44","2886","0","0",
2022-03-07 06:55:44,"58549696","37","0","0","0","520","1389","24","0","70","11","14","0","0","0","6471936","594492","565820","28672","0","0","96","71","11","22","127","0","62","131072","41689","14336","13804","2048","1863","23680","10048","128263","36","26","0","62608","49","44","2886","0","0",
2022-03-07 06:55:45,"58549452","37","0","0","0","520","1382","16","0","66","12","15","0","0","0","6471936","595540","566868","28672","0","0","96","69","12","22","127","0","55","131072","74133","14336","13804","2048","1863","23680","10048","239503","29","19","0","55412","49","44","2886","0","0",
2022-03-07 06:55:46,"58548388","37","0","0","0","520","1389","22","0","47","7","43","0","0","0","6471936","598548","569876","28672","0","0","96","48","7","22","128","0","62","131072","36325","14336","13804","2048","1863","23680","10048","204056","36","26","26","62608","49","44","2886","0","0",
2022-03-07 06:55:47,"58542096","37","0","0","0","520","1389","21","0","71","12","10","0","0","0","6471936","603284","574612","28672","0","0","96","74","12","22","127","0","62","131072","61152","14336","13804","2048","1863","23680","10048","196669","36","26","0","62608","49","44","2886","0","0",
2022-03-07 06:55:48,"58536804","37","0","0","0","520","1389","23","0","70","11","13","0","0","0","6471936","607996","579324","28672","0","0","96","72","12","22","127","0","62","131072","18453","14336","13804","2048","1863","23680","10048","206180","36","26","0","62608","49","44","2886","0","0",
2022-03-07 06:55:49,"58536804","37","0","0","0","520","1389","21","0","69","12","12","0","0","0","6471936","607996","579324","28672","0","0","96","71","13","22","127","0","62","131072","73405","14336","13804","2048","1863","23680","10048","214265","36","26","0","62608","49","44","2886","0","0",
2022-03-07 06:55:50,"58536704","37","0","0","0","520","1374","10","0","59","9","27","0","0","0","6471936","608784","580112","28672","0","0","96","60","9","22","127","0","47","131072","25097","14336","13804","2048","1863","23680","10048","139022","21","11","0","47188","49","44","2886","0","0",
2022-03-07 06:55:51,"58534684","37","0","0","0","520","1389","24","0","63","10","20","0","0","0","6471936","611400","582728","28672","0","0","96","66","10","22","127","0","62","131072","79673","14336","13804","2048","1863","23680","10048","254007","36","26","26","62608","49","44","2886","0","0",
2022-03-07 06:55:52,"58534180","37","0","0","0","520","1389","23","0","72","12","10","0","0","0","6471936","611400","582728","28672","0","0","96","73","13","22","127","0","62","131072","6582","14336","13804","2048","1863","23680","10048","267141","36","26","0","62608","49","44","2886","0","0",
2022-03-07 06:55:53,"58529860","37","0","0","0","520","1389","24","0","69","12","13","0","0","0","6471936","615348","586676","28672","0","0","96","71","12","22","127","0","62","131072","64965","14336","13804","2048","1863","23680","10048","115608","36","26","0","62608","49","44","2886","0","0",
2022-03-07 06:55:54,"58529860","37","0","0","0","520","1384","20","0","69","12","13","0","0","0","6471936","615720","587048","28672","0","0","96","71","12","22","127","0","57","131072","58300","14336","13804","2048","1863","23680","10048","271118","31","21","0","57468","49","44","2886","0","0",
2022-03-07 06:55:55,"58529656","37","0","0","0","520","1389","20","0","52","8","35","0","0","0","6471936","616584","587912","28672","0","0","96","54","8","22","127","0","62","131072","57349","14336","13804","2048","1863","23680","10048","183303","36","26","26","62608","49","44","2886","0","0",
2022-03-07 06:55:56,"58527336","37","0","0","0","520","1389","21","0","69","12","11","0","0","0","6471936","618164","589492","28672","0","0","96","73","12","22","127","0","62","131072","18282","14336","13804","2048","1863","23680","10048","151629","36","26","0","62608","49","44","2886","0","0",
2022-03-07 06:55:57,"58527296","37","0","0","0","520","1389","23","0","71","11","12","0","0","0","6471936","618424","589752","28672","0","0","96","73","11","22","127","0","62","131072","26538","14336","13804","2048","1863","23680","10048","317980","36","26","0","62608","49","44","2886","0","0",
2022-03-07 06:55:58,"58525040","37","0","0","0","520","1389","23","0","71","12","11","0","0","0","6471936","618424","589752","28672","0","0","96","73","12","22","127","0","62","131072","39204","14336","13804","2048","1863","23680","10048","164657","36","26","0","62608","49","44","2886","0","0",
2022-03-07 06:55:59,"58524356","37","0","0","0","520","1386","22","0","53","8","33","0","0","0","6471936","619180","590508","28672","0","0","96","55","8","22","127","0","62","131072","29348","14336","13804","2048","1863","23680","10048","91632","36","26","26","62608","49","44","2886","0","0",
2022-03-07 06:56:00,"58523760","37","0","0","0","520","1386","25","0","71","11","11","0","0","0","6471936","619440","590768","28672","0","0","96","74","12","22","127","0","62","131072","64503","14336","13804","2048","1863","23680","10048","212034","36","26","0","62608","49","44","2886","0","0",
2022-03-07 06:56:01,"58523060","37","0","0","0","520","1378","22","0","72","13","10","0","0","0","6471936","619700","591028","28672","0","0","96","74","13","22","127","0","62","131072","52224","14336","13804","2048","1863","23680","10048","264089","36","26","0","62608","49","44","2886","0","0",
2022-03-07 06:56:02,"58522864","37","0","0","0","520","1378","22","0","67","13","14","0","0","0","6471936","619700","591028","28672","0","0","96","70","13","22","127","0","62","131072","62989","14336","13804","2048","1863","23680","10048","102005","36","26","0","62608","49","44","2886","0","0",
2022-03-07 06:56:03,"58522716","37","0","0","0","520","1363","9","0","60","10","24","0","0","0","6471936","620164","591492","28672","0","0","96","62","10","22","127","0","48","131072","52424","14336","13804","2048","1863","23680","10048","240688","22","12","0","48216","49","44","2886","0","0",
2022-03-07 06:56:04,"58522212","37","0","0","0","520","1380","24","0","58","10","26","0","0","0","6471936","620164","591492","28672","0","0","96","61","11","22","127","0","62","131072","70626","14336","13804","2048","1863","23680","10048","210238","36","26","26","62608","49","44","2886","0","0",
2022-03-07 06:56:05,"58522116","37","0","0","0","520","1380","18","0","71","12","11","0","0","0","6471936","620164","591492","28672","0","0","96","72","12","22","127","0","62","131072","38690","14336","13804","2048","1863","23680","10048","201940","36","26","0","62608","49","44","2886","0","0",
2022-03-07 06:56:06,"58521360","37","0","0","0","520","1380","23","0","70","11","12","0","0","0","6471936","620952","592280","28672","0","0","96","73","12","22","127","0","62","131072","73890","14336","13804","2048","1863","23680","10048","149574","36","26","0","62608","49","44","2886","0","0",
2022-03-07 06:56:07,"58521456","37","0","0","0","520","1377","20","0","70","12","12","0","0","0","6471936","620952","592280","28672","0","0","96","73","12","22","127","0","59","131072","18852","14336","13804","2048","1863","23680","10048","232748","33","23","0","59524","49","44","2886","0","0",
2022-03-07 06:56:08,"58519172","37","0","0","0","520","1380","21","0","52","8","35","0","0","0","6471936","622524","593852","28672","0","0","96","53","8","22","128","0","62","131072","56949","14336","13804","2048","1863","23680","10048","154044","36","26","26","62608","49","44","2886","0","0",
2022-03-07 06:56:09,"58519172","37","0","0","0","520","1380","23","0","72","10","11","0","0","0","6471936","622524","593852","28672","0","0","96","75","10","22","127","0","62","131072","67592","14336","13804","2048","1863","23680","10048","149253","36","26","0","62608","49","44","2886","0","0",
2022-03-07 06:56:10,"58564264","37","0","0","0","520","1380","20","0","70","11","12","0","0","0","6471936","579676","551004","28672","0","0","96","72","12","22","127","0","62","131072","46454","14336","13804","2048","1863","23680","10048","288865","36","26","0","62608","49","44","2886","0","0",
2022-03-07 06:56:11,"58640424","37","0","0","0","520","1379","23","0","70","12","12","0","0","0","6471936","505240","476568","28672","0","0","96","72","13","22","127","0","61","131072","36542","14336","13804","2048","1863","23680","10048","166205","35","25","0","61580","49","44","2886","0","0",
2022-03-07 06:56:12,"58605460","37","0","0","0","520","1380","24","0","45","7","45","0","0","0","6471936","540824","512152","28672","0","0","96","46","7","22","128","0","62","131072","19684","14336","13804","2048","1863","23680","10048","80804","36","26","26","62608","49","44","2886","0","0",
2022-03-07 06:56:13,"58578504","37","0","0","0","520","1380","25","0","71","12","10","0","0","0","6471936","566360","537688","28672","0","0","96","73","12","22","127","0","62","131072","8973","14336","13804","2048","1863","23680","10048","221433","36","26","0","62608","49","44","2886","0","0",
2022-03-07 06:56:14,"58571984","37","0","0","0","520","1380","22","0","70","12","10","0","0","0","6471936","573752","545080","28672","0","0","96","74","13","22","127","0","62","131072","43342","14336","13804","2048","1863","23680","10048","263155","36","26","0","62608","49","44","2886","0","0",
2022-03-07 06:56:15,"58547296","37","0","0","0","520","1380","21","0","70","11","13","0","0","0","6471936","595376","566704","28672","0","0","96","72","12","22","127","0","62","131072","38492","14336","13804","2048","1863","23680","10048","105336","36","26","0","62608","49","44","2886","0","0",
2022-03-07 06:56:16,"58545476","37","0","0","0","520","1370","14","0","66","11","18","0","0","0","6471936","599036","570364","28672","0","0","96","68","11","22","127","0","52","131072","45681","14336","13804","2048","1863","23680","10048","292262","26","16","0","52328","49","44","2886","0","0",
2022-03-07 06:56:17,"58543460","37","0","0","0","520","1380","24","0","56","9","31","0","0","0","6471936","602072","573400","28672","0","0","96","57","9","22","127","0","62","131072","45497","14336","13804","2048","1863","23680","10048","202016","36","26","26","62608","49","44","2886","0","0",
2022-03-07 06:56:18,"58542712","37","0","0","0","520","1380","18","0","68","13","10","0","0","0","6471936","602860","574188","28672","0","0","96","73","13","22","127","0","62","131072","29349","14336","13804","2048","1863","23680","10048","189703","36","26","0","62608","49","44","2886","0","0",
2022-03-07 06:56:19,"58534900","37","0","0","0","520","1380","24","0","70","11","12","0","0","0","6471936","607316","578644","28672","0","0","96","72","12","22","127","0","62","131072","40445","14336","13804","2048","1863","23680","10048","194596","36","26","0","62608","49","44","2886","0","0",
2022-03-07 06:56:20,"58534396","37","0","0","0","520","1376","19","0","69","11","12","0","0","0","6471936","607588","578916","28672","0","0","96","72","11","22","127","0","58","131072","56777","14336","13804","2048","1863","23680","10048","211725","32","22","0","58496","49","44","2886","0","0",
2022-03-07 06:56:21,"58532648","37","0","0","0","520","1380","8","0","45","7","43","0","0","0","6471936","610536","581864","28672","0","0","96","47","8","22","127","0","62","131072","49771","14336","13804","2048","1863","23680","10048","127870","36","26","26","62608","49","44","2886","0","0",
2022-03-07 06:56:22,"58532544","37","0","0","0","520","1380","24","0","72","12","11","0","0","0","6471936","610796","582124","28672","0","0","96","74","12","22","127","0","62","131072","75787","14336","13804","2048","1863","23680","10048","129630","36","26","0","62608","49","44","2886","0","0",
2022-03-07 06:56:23,"58526748","37","0","0","0","520","1380","22","0","72","12","10","0","0","0","6471936","616588","587916","28672","0","0","96","74","12","22","127","0","62","131072","24971","14336","13804","2048","1863","23680","10048","310977","36","26","0","62608","49","44","2886","0","0",
2022-03-07 06:56:24,"58526056","37","0","0","0","520","1380","23","0","68","13","13","0","0","0","6471936","616588","587916","28672","0","0","96","70","13","22","127","0","62","131072","66287","14336","13804","2048","1863","23680","10048","151376","36","26","0","62608","49","44","2886","0","0",
2022-03-07 06:56:25,"58525488","37","0","0","0","520","1359","4","0","50","7","39","0","0","0","6471936","617568","588896","28672","0","0","96","51","7","22","127","0","41","131072","38112","14336","13804","2048","1863","23680","10048","73707","15","5","0","41020","49","44","2886","0","0",
2022-03-07 06:56:26,"58524996","37","0","0","0","520","1380","24","0","63","10","21","0","0","0","6471936","617860","589188","28672","0","0","96","66","11","22","127","0","62","131072","28444","14336","13804","2048","1863","23680","10048","202205","36","26","26","62608","49","44","2886","0","0",
2022-03-07 06:56:27,"58524728","37","0","0","0","520","1380","20","0","71","12","10","0","0","0","6471936","617860","589188","28672","0","0","96","74","12","22","127","0","62","131072","31462","14336","13804","2048","1863","23680","10048","250927","36","26","0","62608","49","44","2886","0","0",
2022-03-07 06:56:28,"58524164","37","0","0","0","520","1380","21","0","70","12","13","0","0","0","6471936","618380","589708","28672","0","0","96","72","12","22","127","0","62","131072","6608","14336","13804","2048","1863","23680","10048","193414","36","26","0","62608","49","44","2886","0","0",
2022-03-07 06:56:29,"58521632","37","0","0","0","520","1372","18","0","68","12","14","0","0","0","6471936","620904","592232","28672","0","0","96","70","12","22","127","0","54","131072","18829","14336","13804","2048","1863","23680","10048","239679","28","18","0","54384","49","44","2886","0","0",
2022-03-07 06:56:30,"58520932","37","0","0","0","520","1380","20","0","57","9","30","0","0","0","6471936","621804","593132","28672","0","0","96","59","9","22","127","0","62","131072","26565","14336","13804","2048","1863","23680","10048","185847","36","26","26","62608","49","44","2886","0","0",
2022-03-07 06:56:31,"58520964","37","0","0","0","520","1380","23","0","67","13","11","0","0","0","6471936","621804","593132","28672","0","0","96","71","14","22","127","0","62","131072","34864","14336","13804","2048","1863","23680","10048","184364","36","26","0","62608","49","44","2886","0","0",
2022-03-07 06:56:32,"58520964","37","0","0","0","520","1380","20","0","68","12","11","0","0","0","6471936","621804","593132","28672","0","0","96","73","12","22","127","0","62","131072","74783","14336","13804","2048","1863","23680","10048","190247","36","26","0","62608","49","44","2886","0","0",
2022-03-07 06:56:33,"58520948","37","0","0","0","520","1377","21","0","71","12","11","0","0","0","6471936","621804","593132","28672","0","0","96","73","12","22","127","0","59","131072","39883","14336","13804","2048","1863","23680","10048","212742","33","23","0","59524","49","44","2886","0","0",
2022-03-07 06:56:34,"58520364","37","0","0","0","520","1380","21","0","55","9","31","0","0","0","6471936","622324","593652","28672","0","0","96","57","9","22","127","0","62","131072","51493","14336","13804","2048","1863","23680","10048","153602","36","26","26","62608","49","44","2886","0","0",
2022-03-07 06:56:35,"58520104","37","0","0","0","520","1380","23","0","69","12","12","0","0","0","6471936","622324","593652","28672","0","0","96","72","12","22","127","0","62","131072","61880","14336","13804","2048","1863","23680","10048","128540","36","26","0","62608","49","44","2886","0","0",
2022-03-07 06:56:36,"58520104","37","0","0","0","520","1378","26","0","70","12","11","0","0","0","6471936","622324","593652","28672","0","0","96","73","13","22","127","0","62","131072","27729","14336","13804","2048","1863","23680","10048","302110","36","26","0","62608","49","44","2886","0","0",
2022-03-07 06:56:37,"58520216","37","0","0","0","520","1378","22","0","70","12","13","0","0","0","6471936","622588","593916","28672","0","0","96","71","12","22","127","0","62","131072","8767","14336","13804","2048","1863","23680","10048","141859","36","26","0","62608","49","44","2886","0","0",
2022-03-07 06:56:38,"58519676","37","0","0","0","520","1378","24","0","53","7","36","0","0","0","6471936","623120","594448","28672","0","0","96","55","7","22","128","0","62","131072","75560","14336","13804","2048","1863","23680","10048","143158","36","26","26","62608","49","44","2886","0","0",
2022-03-07 06:56:39,"58517708","37","0","0","0","520","1378","24","0","71","13","10","0","0","0","6471936","623120","594448","28672","0","0","96","73","13","22","127","0","62","131072","10088","14336","13804","2048","1863","23680","10048","265958","36","26","0","62608","49","44","2886","0","0",
2022-03-07 06:56:40,"58517604","37","0","0","0","520","1378","23","0","69","12","12","0","0","0","6471936","623120","594448","28672","0","0","96","72","12","22","127","0","62","131072","69105","14336","13804","2048","1863","23680","10048","209607","36","26","0","62608","49","44","2886","0","0",
2022-03-07 06:56:41,"58517612","37","0","0","0","520","1378","25","0","70","12","12","0","0","0","6471936","623120","594448","28672","0","0","96","72","12","22","127","0","62","131072","28037","14336","13804","2048","1863","23680","10048","219237","36","26","0","62608","49","44","2886","0","0",
2022-03-07 06:56:42,"58589008","37","0","0","0","520","1361","7","0","54","9","31","0","0","0","6471936","555440","526768","28672","0","0","96","56","9","22","127","0","45","131072","52435","14336","13804","2048","1863","23680","10048","176795","19","9","0","45132","49","44","2886","0","0",
2022-03-07 06:56:43,"58623516","37","0","0","0","520","1378","24","0","52","8","36","0","0","0","6471936","518656","489984","28672","0","0","96","53","8","22","128","0","62","131072","51893","14336","13804","2048","1863","23680","10048","142003","36","26","26","62608","49","44","2886","0","0",
2022-03-07 06:56:44,"58564612","37","0","0","0","520","1378","24","0","68","12","13","0","0","0","6471936","577372","548700","28672","0","0","96","70","13","22","127","0","62","131072","33020","14336","13804","2048","1863","23680","10048","283089","36","26","0","62608","49","44","2886","0","0",
2022-03-07 06:56:45,"58564400","37","0","0","0","520","1378","19","0","70","12","11","0","0","0","6471936","577372","548700","28672","0","0","96","73","12","22","127","0","62","131072","33340","14336","13804","2048","1863","23680","10048","175069","36","26","0","62608","49","44","2886","0","0",
2022-03-07 06:56:46,"58559344","37","0","0","0","520","1377","20","0","69","11","13","0","0","0","6471936","582304","553632","28672","0","0","96","72","12","22","127","0","61","131072","63967","14336","13804","2048","1863","23680","10048","127365","35","25","0","61580","49","44","2886","0","0",
2022-03-07 06:56:47,"58556036","37","0","0","0","520","1378","23","0","45","7","44","0","0","0","6471936","588560","559888","28672","0","0","96","47","7","22","128","0","62","131072","76539","14336","13804","2048","1863","23680","10048","248384","36","26","26","62608","49","44","2886","0","0",
2022-03-07 06:56:48,"58553360","37","0","0","0","520","1379","24","0","69","13","11","0","0","0","6471936","589612","560940","28672","0","0","96","72","13","22","127","0","62","131072","81083","14336","13804","2048","1863","23680","10048","230391","36","26","0","62608","49","44","2886","0","0",
2022-03-07 06:56:49,"58537668","37","0","0","0","520","1378","23","0","68","12","14","0","0","0","6471936","603272","574600","28672","0","0","96","70","12","22","127","0","62","131072","47254","14336","13804","2048","1863","23680","10048","154713","36","26","0","62608","49","44","2886","0","0",
2022-03-07 06:56:50,"58536672","37","0","0","0","520","1378","22","0","69","13","10","0","0","0","6471936","603272","574600","28672","0","0","96","73","13","22","127","0","62","131072","70099","14336","13804","2048","1863","23680","10048","248142","36","26","0","62608","49","44","2886","0","0",
2022-03-07 06:56:51,"58535980","37","0","0","0","520","1378","22","0","50","7","38","0","0","0","6471936","606108","577436","28672","0","0","96","52","7","22","127","0","62","131072","17674","14336","13804","2048","1863","23680","10048","152292","36","26","26","62608","49","44","2886","0","0",
2022-03-07 06:56:52,"58531640","37","0","0","0","520","1378","22","0","70","12","11","0","0","0","6471936","608732","580060","28672","0","0","96","73","12","22","127","0","62","131072","44737","14336","13804","2048","1863","23680","10048","141298","36","26","0","62608","49","44","2886","0","0",
2022-03-07 06:56:53,"58530884","37","0","0","0","520","1378","19","0","73","12","10","0","0","0","6471936","609252","580580","28672","0","0","96","74","12","22","127","0","62","131072","30758","14336","13804","2048","1863","23680","10048","303086","36","26","0","62608","49","44","2886","0","0",
2022-03-07 06:56:54,"58526656","37","0","0","0","520","1378","21","0","70","11","13","0","0","0","6471936","612672","584000","28672","0","0","96","72","11","22","127","0","62","131072","68839","14336","13804","2048","1863","23680","10048","136113","36","26","0","62608","49","44","2886","0","0",
2022-03-07 06:56:55,"58526152","37","0","0","0","520","1364","11","0","64","9","20","0","0","0","6471936","614508","585836","28672","0","0","96","67","9","22","127","0","48","131072","32168","14336","13804","2048","1863","23680","10048","200971","22","12","0","48216","49","44","2886","0","0",


